EN;FR
Acronyms;Acronymes
AMS | Automated Measuring Systems;AMS | Systèmes automatiques de mesurage
AQI | Air Quality Indices;AQI | Indices de qualité de l’air
AR | Application Requirements;AR | Exigences d’application
AWS | Alliance for Water Stewardship;AWS | Alliance for Water Stewardship
BAT | Best Available Technique;MTD | Meilleures techniques disponibles
BAT-AEL | Best Available Technique-Associated Emission Level;NEA-MTD | Niveaux d’émission associés aux meilleures techniques disponibles
BAT-AEPL | Best Available Technique-Associated Environmental Performance Level;NPEA-MTD | Niveaux de performances environnementales associés aux meilleures techniques disponibles.
BREFs | Best Available Techniques Reference Documents;BREF | Documents de référence sur les meilleures techniques disponibles
Btu | British Thermal Units;Btu | British Thermal Unit
CapEx | Capital Expenditure;CapEx | Dépenses d’investissement
CBD | Convention for Biological Diversity;CBD | Convention sur la diversité biologique
CDDA | Common Database on Designated Areas;CDDA | Base de données commune sur les zones désignées
CEN | European Committee for Standardization;CEN | Comité européen de normalisation
CENELEC | European Committee for Electrotechnical Standardization;CENELEC | Comité européen de normalisation électrotechnique
CH4 | Methane;CH4 | Méthane
CICES | Common International Classification of Ecosystem Services;CICES | Classification internationale commune des services écosystémiques
C02 | Carbon Dioxide;C02 | Dioxyde de carbone
CRR | Regulation (EU) 757/2013 of the European Parliament and of the Council (1) (Capital Requirements Regulation);CRR | Règlement (UE) no 757/2013 du Parlement européen et du Conseil (1) (règlement sur les exigences de fonds propres)
DEGURBA | Degree of Urbanisation;DEGURBA | Degré d’urbanisation
DR BP-1 | Disclosure Requirement - General basis for preparation of the sustainability statements;DR BP-1 | Exigence de publication – Base générale d’établissement des déclarations relatives à la durabilité
DR BP-2 | Disclosure Requirement - Disclosures in relation to specific circumstances;DR BP-2 | Exigence de publication – Publication d’informations relatives à des circonstances particulières
DR GOV-1 | Disclosure Requirement - The role of the administrative, management and supervisory bodies;DR GOV-1 | Exigence de publication – Le rôle des organes d’administration, de direction et de surveillance
DR GOV-2 | Disclosure Requirement - Information provided to and sustainability matters addressed by the undertaking’s administrative, management and supervisory bodies;DR GOV-2 | Exigence de publication – Informations transmises aux organes d’administration, de direction et de surveillance de l’entreprise et questions de durabilité traitées par ces organes
DR GOV-3 | Disclosure Requirement - Integration of sustainability- related performance in incentive schemes;DR GOV-3 | Exigence de publication – Intégration des résultats en matière de durabilité dans les systèmes d’incitation
DR GOV-4 | Disclosure Requirement - Statement on sustainability due diligence;DR GOV-4 | Exigence de publication – Déclaration sur la diligence raisonnable en matière de durabilité
DR GOV-5 | Disclosure Requirement - Risk management and internal controls over sustainability reporting;DR GOV-5 | Exigence de publication – Gestion des risques et contrôles internes de l’information en matière de durabilité
DR SBM-1 | Disclosure Requirement - Market position, strategy, business model(s) and value chain;DR SBM-1 | Exigence de publication – Position de marché, stratégie, modèle(s) économique(s) et chaîne de valeur
DR SBM-2 | Disclosure Requirement - Interests and views of stakeholders;DR SBM-2 | Exigence de publication – Intérêts et points de vue des parties intéressées
DR SBM-3 | Disclosure Requirement - Material impacts, risks and opportunities and their interaction with strategy and business model(s);DR SBM-3 | Exigence de publication – Incidences, risques et opportunités importants et leur lien avec la stratégie et le ou les modèles économiques
DR IRO-1 | Disclosure Requirement - Description of the processes to identify and assess material impacts, risks and opportunities;DR IRO-1 | Exigence de publication – Description des procédures d’identification et d’évaluation des incidences, risques et opportunités importants
DR IRO-2 | Disclosure Requirements in ESRS covered by the undertaking’s sustainability statements;DR IRO-2 | Exigences de publication au titre des ESRS couvertes par les déclarations relatives à la durabilité de l’entreprise
DNSH | Do No Significant Harm;DNSH | Principe consistant à «ne pas causer de préjudice important»
DR | Disclosure Requirements;DR | Exigences de publication
EBA | European Banking Authority;ABE | Autorité bancaire européenne
EC | European Commission;CE | Commission européenne
EEA | European Economic Area;EEE | Espace économique européen
EFRAG | European Financial Reporting Advisory Group;EFRAG | Groupe consultatif pour l’information financière en Europe
EFRAG SRB | European Financial Reporting Advisory Group Sustainability | Reporting Board;EFRAG SRB | Conseil d’information en matière de durabilité du Groupe consultatif pour l’information financière en Europe
EIA | Environmental Impact Assessment;EIE | Évaluation des incidences sur l’environnement
EMAS | Eco-Management and Audit Scheme;EMAS | Système de management environnemental et d’audit
EPC | Energy Performance Certificate;CPE | Certificat de performance énergétique
E-PRTR | European Pollutant Release and Transfer Register;E-PRTR | Registre européen des rejets et des transferts de polluants
ESA | European Supervisory Authorities;AES | Autorité européenne de surveillance
ESMA | European Securities and Markets Authority;AEMF | Autorité européenne des marchés financiers
ESRS | European Sustainability Reporting Standards;ESRS | Norme européenne d’information en matière de durabilité
ESRS 1 | European Sustainability Reporting Standard 1 General requirements;ESRS 1 | Norme européenne d’information en matière de durabilité 1 – Exigences générales
ESRS 2 | European Sustainability Reporting Standard 2 General disclosures;ESRS 2 | Norme européenne d’information en matière de durabilité 2 – Informations générales à publier
ESRS E1 | European Sustainability Reporting Standard E1 Climate change;ESRS E1 | Norme européenne d’information en matière de durabilité E1 – Changement climatique
ESRS E2 | European Sustainability Reporting Standard E2 Pollution;ESRS E2 | Norme européenne d’information en matière de durabilité E2 – Pollution
ESRS E3 | European Sustainability Reporting Standard E3 Water and marine resources;ESRS E3 | Norme européenne d’information en matière de durabilité E3 – Ressources aquatiques et marines
ESRS E4 | European Sustainability Reporting Standard E4 Biodiversity and ecosystems;ESRS E4 | Norme européenne d’information en matière de durabilité E4 – Biodiversité et écosystèmes
ESRS E5 | European Sustainability Reporting Standard E5 Resource use and circular economy;ESRS E5 | Norme européenne d’information en matière de durabilité E5 – Utilisation des ressources et économie circulaire
ESRS G1 | European Sustainability Reporting Standard G1 Business conduct;ESRS G1 | Norme européenne d’information en matière de durabilité G1 – Conduite des affaires
ESRS S1 | European Sustainability Reporting Standard S1 Own workforce;ESRS S1 | Norme européenne d’information en matière de durabilité S1 – Effectifs de l’entreprise
ESRS S2 | European Sustainability Reporting Standard S2 Workers in the value chain;ESRS S2 | Norme européenne d’information en matière de durabilité S2 – Travailleurs de la chaîne de valeur
ESRS S3 | European Sustainability Reporting Standard S3 Affected communities;ESRS S3 | Norme européenne d’information en matière de durabilité S3 – Communautés touchées
ESRS S4 | European Sustainability Reporting Standard S4 Consumers & end-users;ESRS S4 | Norme européenne d’information en matière de durabilité S4 – Consommateurs et utilisateurs finals
EU | European Union;UE | Union européenne
EU ETS | European Union Emissions Trading System;SEQE-UE | Système d’échange de quotas d’émission de l’Union européenne
EWC | European Works Council;CEE | Comité d’entreprise européen
FPIC | Free, Prior and Informed Consent;CPLCC | Consentement préalable, donné librement et en connaissance de cause
FTE | Full-time equivalent;ETP | Équivalent temps plein
GAAP | Generally Accepted Accounting Principles;GAAP | Principes comptables généralement admis
GHG | Greenhouse Gas;GES | Gaz à effet de serre
GJ | Giga-Joules;GJ | Giga-Joules
GRI | Global Reporting Initiative;GRI | Global Reporting Initiative
GWP | Global Warming Potential;PRP | Potentiel de réchauffement de la planète
HFCs | Hydrofluorocarbons;HFC | Hydrofluorocarbones
IED | Directive 2010/75/EU of the European Parliament and of the Council (2) (Industrial Emissions Directive);DEI | Directive 2010/75/UE du Parlement européen et du Conseil (2) (directive relative aux émissions industrielles)
IFC | International Finance Corporation;IFC | Société financière internationale
IFRS | International Financial Reporting Standards;IFRS | Normes internationales d’information financière
ILO | International Labour Organisation;OIT | Organisation internationale du travail
IPBES | Intergovernmental Science-Policy Platform on Biodiversity and Ecosystem Services;IPBES | Plate-forme intergouvernementale scientifique et politique sur la biodiversité et les services écosystémiques
IPCC | Intergovernmental Panel on Climate Change;GIEC | Groupe d’experts intergouvernemental sur l’évolution du climat
ISEAL | International Social and Environmental Accreditation and Labelling Alliance;ISEAL | Alliance internationale pour l’accréditation et l’étiquetage sociaux et environnementaux
ISO | International Organization for Standardization;ISO | Organisation internationale de normalisation
ISSB | International Sustainability Standards Board;ISSB | Conseil des normes internationales d’information sur la durabilité
ITS | Implementing Technical Standards;ITS | Normes techniques d’exécution
IUCN | International Union for Conservation of Nature;UICN | Union internationale pour la conservation de la nature et de ses ressources
KBA | Key Biodiversity Areas;ZCB | Zones clés pour la biodiversité
Kg | Kilogram;Kg | Kilogramme
lb | Pounds;lb | Livre
LEAP | Locate Evaluate Assess Prepare;LEAP | Localiser, évaluer, analyser, préparer
LGBTQI | Lesbian, Gay, Bisexual, Transgender, Queer, Intersex;LGBTQI | Personnes lesbiennes, gays, bisexuelles, transgenres, queer et intersexuées
MDR | Minimum Disclosure Requirement;MDR | Exigence de publication minimum
MWh | Mega-Watt-hours;MWh | Méga-watt-heures
N2O | Nitrous Oxide;N2O | Protoxyde d’azote
NACE | Statistical Classification of Economic Activities in the European Community;NACE | Nomenclature statistique des activités économiques dans la Communauté européenne
NF3 | Nitrogen trifluoride;NF3 | Trifluorure d’azote
NGOs | Non-Governmental Organisations;ONG | Organisation non gouvernementale
NH3 | Ammonia;NH3 | Ammoniac
NOX | Nitrogen oxides;NOX | Oxydes d’azote
NUTS | Nomenclature of Territorial Units of Statistics;NUTS | Nomenclature des unités territoriales statistiques
O3 | Ozone;O3 | Ozone
ODS | Ozone-depleting substance;ODS | Substance appauvrissant la couche d’ozone
OECD | Organisation for Economic Co-operation and Development;OCDE | Organisation de coopération et de développement économiques.
OECM | One Earth Climate Model;OECM | One Earth Climate Model
OpEX | Operating Expenditure;OpEx | Dépenses opérationnelles
PBTS | Persistent, bioaccumulative and toxic substances;PBT | Substance persistante, bioaccumulable et toxique
PCAF | Partnership for Carbon Accounting Financial;PCAF | Partenariat pour la comptabilité carbone
PCFs | Perfluorocarbons;PFC | Hydrocarbures perfluorés
PM | Particulate Matter;PM | Matières particulaires
PMTs | Persistent, Mobile and Toxic Substances;PMT | Substance persistante, mobile et toxique
POPs | Persistent organic pollutants;POP | Polluant organique persistant
REACH | Registration, Evaluation, Authorisation and Restriction of Chemicals;REACH | Enregistrement, évaluation et autorisation des substances chimiques, et restrictions applicables à ces substances (de l’anglais «Registration, Evaluation, Authorisation and Restriction of Chemicals»)
SBTi | Science Based Targets Initiative;SBTi | Initiative Science Based Targets
SBTN | Science Based Targets Network;SBTN | Réseau Science Based Targets
SCE | Societas Cooperativa Europaea;SCE | Societas Cooperativa Europaea
SDA | Sectoral Decarbonisation Approach;SDA | Approche de décarbonation sectorielle
SDGs | Sustainable Development Goals;ODD | Objectif de développement durable
SDPI | Sustainable Development Performance Indicator;SDPI | Indicateur de performance du développement durable
SE | Societas Europaea;SE | Societas Europaea
SEEA | System of Environmental-Economic Accounting;SCIEE | Système des comptes intégrés de l’environnement et de l’économie
SEEA EA | System of Environmental-Economic Accounting Ecosystem Accounting;SCIEE-CE | Système des comptes intégrés de l’environnement et de l’économie - Comptabilité relative aux écosystèmes
SFDR | Regulation (EU) 2019/2088 of the European Parliament and of the Council (3) (Sustainable Finance Disclosures Regulation);SFDR | Règlement (UE) 2019/2088 du Parlement européen et du Conseil (3) (règlement sur la publication d’informations en matière de durabilité dans le secteur des services financiers)
SOX | Sulphur oxides;SOX | Oxydes de soufre
SVHC | Substances of Very High Concern;SVHC | Substance extrêmement préoccupante
TCFD | Task Force on Climate-Related Financial Disclosures;TCFD | Groupe de travail sur la publication d’informations financières relatives au climat
TNFD | Taskforce on Nature-related Financial Disclosures;TNFD | Groupe de travail sur la publication d’informations financières relatives à la nature
UN | United Nations;NU | Nations unies
UNEP | United Nations Environment Programme;PNUE | Programme des Nations unies pour l’environnement.
UNESCO | United Nations Educational, Scientific and Cultural Organization;Unesco | Organisation des Nations unies pour l’éducation, la science et la culture
vPvBs | Very persistent and very bioaccumulative substances;VPVB | Substance très persistante à fort potentiel de bio-accumulation
vPvMs | Very persistent and very mobile substances;VPVM | Substance très persistante et très mobile
WDPA | World Database of Protected Areas;WDPA | Base de données mondiale sur les aires protégées
WRI | World Resources Institute;WRI | World Ressource Institute (Institut des ressources mondiales)
WWF | World-Wide Fund for Nature;WWF | Fonds mondial pour la protection de la nature
European sustainability reporting standards (ESRS);NORMES EUROPÉENNES D’INFORMATION EN MATIÈRE DE DURABILITÉ (ESRS)
ESRS 1 | General requirements;ESRS 1 | Exigences générales
ESRS 2 | General disclosures;ESRS 2 | Informations générales à publier
ESRS E1 | Climate change;ESRS E1 | Changement climatique
ESRS E2 | Pollution;ESRS E2 | Pollution
ESRS E3 | Water and marine resources;ESRS E3 | Ressources aquatiques et marines
ESRS E4 | Biodiversity and ecosystems;ESRS E4 | Biodiversité et écosystèmes
ESRS E5 | Resource use and circular economy;ESRS E5 | Utilisation des ressources et économie circulaire
ESRS S1 | Own workforce;ESRS S1 | Effectifs de l’entreprise
ESRS S2 | Workers in the value chain;ESRS S2 | Travailleurs de la chaîne de valeur
ESRS S3 | Affected communities;ESRS S3 | Communautés touchées
ESRS S4 | Consumers and end-users;ESRS S4 | Consommateurs et utilisateurs finals
ESRS G1 | Business conduct;ESRS G1 | Conduite des affaires
